Column1,Month of Period End,Median Sale Price,Median Sale Price MoM ,Median Sale Price YoY ,Homes Sold,Homes Sold MoM ,Homes Sold YoY ,New Listings,New Listings MoM ,New Listings YoY ,Inventory,Inventory MoM , Inventory YoY ,Days on Market,Days on Market MoM,Days on Market YoY,Average Sale To List,Average Sale To List MoM ,Average Sale To List YoY 
 National,2/1/2019,$276K,0.013,0.029,371041,0.114,-0.002,540627,0.024,-0.038,1437578,0.013,0.089,59,2,6,0.978,0.003,-0.003
 National,3/1/2019,$284K,0.028,0.022,486241,0.31,-0.051,707587,0.309,-0.022,1493693,0.039,0.084,50,-9,5,0.981,0.003,-0.004
 National,4/1/2019,$290K,0.022,0.03,546481,0.124,0.019,778639,0.1,0.017,1564769,0.048,0.074,42,-8,5,0.984,0.003,-0.004
 National,5/1/2019,$298K,0.029,0.037,642068,0.175,0.028,830737,0.067,0.004,1660025,0.061,0.064,37,-5,4,0.986,0.002,-0.003
 National,6/1/2019,$303K,0.014,0.034,620446,-0.034,-0.06,734806,-0.115,-0.051,1700719,0.025,0.04,36,-1,5,0.987,0.001,-0.003
 National,7/1/2019,$299K,-0.01,0.041,633129,0.02,0.032,703051,-0.043,-0.01,1687473,-0.008,0.018,36,1,4,0.986,-0.001,-0.002
 National,8/1/2019,$297K,-0.009,0.042,625096,-0.013,-0.009,671614,-0.045,-0.043,1668030,-0.012,-0.008,39,3,3,0.984,-0.002,-0.001
 National,9/1/2019,$292K,-0.015,0.048,531318,-0.15,0.08,619685,-0.077,0.034,1661036,-0.004,-0.026,42,3,3,0.983,-0.001,0
 National,10/1/2019,$294K,0.005,0.057,542395,0.021,0.036,604395,-0.025,0.005,1609405,-0.031,-0.039,44,2,0,0.981,-0.001,0.001
 National,11/1/2019,$295K,0.003,0.054,479643,-0.116,0.009,436813,-0.277,-0.05,1471137,-0.086,-0.065,45,1,-1,0.981,-0.001,0.002
 National,12/1/2019,$296K,0.005,0.064,510280,0.064,0.157,320590,-0.266,0.018,1271848,-0.135,-0.094,50,5,-1,0.98,-0.001,0.002
 National,1/1/2020,$290K,-0.02,0.065,377642,-0.26,0.133,527864,0.647,0,1265918,-0.005,-0.108,57,6,-1,0.977,-0.002,0.003
 National,2/1/2020,$294K,0.013,0.065,404751,0.072,0.091,581027,0.101,0.075,1283461,0.014,-0.107,56,-1,-3,0.981,0.004,0.003
 National,3/1/2020,$303K,0.032,0.068,506045,0.25,0.041,662606,0.14,-0.064,1339815,0.044,-0.103,44,-12,-6,0.986,0.005,0.005
 National,4/1/2020,$304K,0.002,0.048,436316,-0.138,-0.202,471217,-0.289,-0.395,1323143,-0.012,-0.154,36,-8,-6,0.988,0.002,0.004
 National,5/1/2020,$299K,-0.016,0.003,422251,-0.032,-0.342,635815,0.349,-0.235,1319903,-0.002,-0.205,39,3,2,0.985,-0.003,-0.001
 National,6/1/2020,$311K,0.039,0.027,588222,0.393,-0.052,714655,0.124,-0.027,1260116,-0.045,-0.259,39,1,4,0.987,0.002,0
 National,7/1/2020,$323K,0.039,0.079,704468,0.198,0.113,756212,0.058,0.076,1224569,-0.028,-0.274,35,-4,-1,0.99,0.003,0.005
 National,8/1/2020,$329K,0.018,0.108,667335,-0.053,0.068,714626,-0.055,0.064,1178769,-0.037,-0.293,32,-3,-7,0.992,0.002,0.008
 National,9/1/2020,$332K,0.011,0.138,664525,-0.004,0.251,699904,-0.021,0.129,1155359,-0.02,-0.304,30,-2,-12,0.994,0.002,0.012
 National,10/1/2020,$335K,0.009,0.142,676431,0.018,0.247,684378,-0.022,0.132,1121052,-0.03,-0.303,29,-1,-15,0.995,0.001,0.014
 National,11/1/2020,$334K,-0.004,0.134,585624,-0.134,0.221,492625,-0.28,0.128,997775,-0.11,-0.322,28,-1,-17,0.995,0,0.015
 National,12/1/2020,$333K,-0.002,0.126,631104,0.078,0.237,393581,-0.201,0.228,834982,-0.163,-0.343,31,3,-19,0.994,-0.002,0.014
 National,1/1/2021,$330K,-0.009,0.139,433352,-0.313,0.148,495674,0.259,-0.061,779255,-0.067,-0.384,35,3,-22,0.993,-0.001,0.016
 National,2/1/2021,$337K,0.019,0.146,438278,0.011,0.083,505643,0.02,-0.13,733384,-0.059,-0.429,33,-1,-23,0.998,0.004,0.017
 National,3/1/2021,$354K,0.052,0.168,588563,0.343,0.163,700386,0.385,0.057,728420,-0.007,-0.456,26,-7,-18,1.006,0.008,0.02
 National,4/1/2021,$370K,0.045,0.218,622078,0.057,0.426,759864,0.085,0.613,785750,0.079,-0.406,19,-7,-16,1.015,0.01,0.028
 National,5/1/2021,$377K,0.018,0.259,629267,0.012,0.49,741292,-0.024,0.166,806642,0.027,-0.389,16,-3,-22,1.022,0.006,0.037
 National,6/1/2021,$387K,0.028,0.246,726571,0.155,0.235,808561,0.091,0.131,879298,0.09,-0.302,15,-1,-25,1.025,0.003,0.038
 National,7/1/2021,$385K,-0.006,0.191,677784,-0.067,-0.038,793939,-0.018,0.05,976294,0.11,-0.203,15,0,-20,1.023,-0.003,0.032
 National,8/1/2021,$381K,-0.009,0.16,670999,-0.01,0.005,717668,-0.096,0.004,969334,-0.007,-0.178,17,2,-15,1.016,-0.006,0.024
 National,9/1/2021,$377K,-0.011,0.135,637428,-0.05,-0.041,677068,-0.057,-0.033,974624,0.005,-0.156,19,2,-11,1.01,-0.006,0.016
 National,10/1/2021,$380K,0.007,0.133,612453,-0.039,-0.095,620911,-0.083,-0.093,923068,-0.053,-0.177,21,2,-8,1.007,-0.003,0.012
 National,11/1/2021,$384K,0.01,0.149,591503,-0.034,0.01,487359,-0.215,-0.011,795790,-0.138,-0.202,23,2,-5,1.006,-0.001,0.011
 National,12/1/2021,$383K,-0.001,0.15,596341,0.008,-0.055,365252,-0.251,-0.072,646084,-0.188,-0.226,25,2,-6,1.005,-0.001,0.011
 National,1/1/2022,$377K,-0.016,0.142,415053,-0.304,-0.042,455488,0.247,-0.081,623370,-0.035,-0.2,27,2,-7,1.004,-0.001,0.011
 National,2/1/2022,$391K,0.036,0.161,419147,0.01,-0.044,509735,0.119,0.008,640381,0.027,-0.127,26,-1,-8,1.013,0.008,0.015
 National,3/1/2022,$414K,0.06,0.17,551774,0.316,-0.063,683164,0.34,-0.025,698628,0.091,-0.041,21,-5,-5,1.024,0.012,0.018
 National,4/1/2022,$426K,0.027,0.15,553619,0.003,-0.11,713294,0.044,-0.061,800376,0.146,0.019,18,-3,-2,1.031,0.007,0.016
 National,5/1/2022,$432K,0.015,0.147,592365,0.07,-0.059,760776,0.067,0.026,919601,0.149,0.14,17,-1,1,1.031,0,0.009
 National,6/1/2022,$429K,-0.008,0.107,616607,0.041,-0.151,808002,0.062,-0.001,1109696,0.207,0.262,18,1,3,1.023,-0.008,-0.003
 National,7/1/2022,$414K,-0.033,0.076,526859,-0.146,-0.223,690594,-0.145,-0.13,1221257,0.101,0.251,21,3,6,1.01,-0.012,-0.012
 National,8/1/2022,$408K,-0.015,0.07,554909,0.053,-0.173,608495,-0.119,-0.152,1205070,-0.013,0.243,27,5,9,0.999,-0.011,-0.017
 National,9/1/2022,$404K,-0.01,0.07,499943,-0.099,-0.216,556423,-0.086,-0.178,1224911,0.016,0.257,32,6,13,0.993,-0.006,-0.018
 National,10/1/2022,$400K,-0.009,0.052,437965,-0.124,-0.285,482543,-0.133,-0.223,1203863,-0.017,0.304,35,3,14,0.989,-0.004,-0.019
 National,11/1/2022,$394K,-0.015,0.026,384142,-0.123,-0.351,374034,-0.225,-0.233,1120896,-0.069,0.409,38,3,15,0.985,-0.004,-0.022
 National,12/1/2022,$388K,-0.016,0.011,383766,-0.001,-0.356,270382,-0.277,-0.26,973822,-0.131,0.507,44,7,20,0.981,-0.004,-0.024
 National,1/1/2023,$382K,-0.014,0.013,277226,-0.278,-0.332,386770,0.43,-0.151,936691,-0.038,0.503,52,7,24,0.978,-0.002,-0.026
 National,2/1/2023,$387K,0.011,-0.011,328291,0.184,-0.217,404324,0.045,-0.207,898303,-0.041,0.403,52,1,27,0.982,0.004,-0.03
 National,3/1/2023,$400K,0.036,-0.033,446134,0.359,-0.191,535732,0.325,-0.216,893372,-0.005,0.279,44,-9,23,0.989,0.006,-0.036
 National,4/1/2023,$408K,0.019,-0.041,408624,-0.084,-0.262,506412,-0.055,-0.29,861034,-0.036,0.076,36,-8,18,0.995,0.006,-0.036
"Boston, MA metro area",2/1/2019,$455K,-0.038,0.034,2480,-0.103,0.148,3987,0.044,-0.049,7217,0.024,0.259,39,5,10,0.984,-0.001,-0.009
"Boston, MA metro area",3/1/2019,$475K,0.044,0.022,3311,0.335,0.038,5990,0.502,0.129,7875,0.091,0.327,23,-16,6,0.993,0.009,-0.008
"Boston, MA metro area",4/1/2019,$485K,0.021,0.002,3795,0.146,0.046,7131,0.19,-0.032,8899,0.13,0.165,14,-9,4,0.998,0.005,-0.012
"Boston, MA metro area",5/1/2019,$520K,0.072,0.051,5009,0.32,0.083,8369,0.174,-0.001,10517,0.182,0.152,11,-3,2,1.003,0.005,-0.011
"Boston, MA metro area",6/1/2019,$530K,0.019,0.032,5733,0.145,-0.095,6628,-0.208,-0.042,12242,0.164,0.299,10,-1,1,1.004,0.001,-0.009
"Boston, MA metro area",7/1/2019,$530K,0,0.029,5753,0.003,-0.014,5009,-0.244,-0.053,11295,-0.077,0.24,15,5,6,1.002,-0.002,-0.009
"Boston, MA metro area",8/1/2019,$515K,-0.028,0.03,5761,0.001,-0.053,4472,-0.107,-0.112,10378,-0.081,0.15,23,8,10,0.998,-0.004,-0.005
"Boston, MA metro area",9/1/2019,$490K,-0.049,0.043,4195,-0.272,0.046,6548,0.464,0.002,11893,0.146,0.113,27,4,10,0.995,-0.003,-0.003
"Boston, MA metro area",10/1/2019,$485K,-0.01,0.032,4325,0.031,0,5340,-0.184,-0.05,11221,-0.057,0.05,27,0,11,0.994,-0.001,-0.003
"Boston, MA metro area",11/1/2019,$491K,0.013,0.034,4117,-0.048,-0.089,2912,-0.455,-0.169,8799,-0.216,-0.041,27,0,10,0.994,0,0
"Boston, MA metro area",12/1/2019,$500K,0.018,0.094,4422,0.074,0.178,1603,-0.45,-0.049,6180,-0.298,-0.123,34,7,11,0.99,-0.004,0.001
"Boston, MA metro area",1/1/2020,$505K,0.01,0.068,3054,-0.309,0.105,3330,1.077,-0.128,6367,0.03,-0.097,42,8,8,0.986,-0.004,0.001
"Boston, MA metro area",2/1/2020,$498K,-0.013,0.095,2422,-0.207,-0.023,4520,0.357,0.134,7156,0.124,-0.008,48,6,9,0.99,0.003,0.005
"Boston, MA metro area",3/1/2020,$521K,0.046,0.097,3238,0.337,-0.022,5256,0.163,-0.123,7407,0.035,-0.059,25,-23,2,1.001,0.011,0.008
"Boston, MA metro area",4/1/2020,$538K,0.032,0.109,3201,-0.011,-0.157,3293,-0.373,-0.538,7560,0.021,-0.15,20,-5,6,1.005,0.004,0.007
"Boston, MA metro area",5/1/2020,$530K,-0.015,0.019,3103,-0.031,-0.381,5575,0.693,-0.334,8617,0.14,-0.181,21,1,10,0.998,-0.007,-0.005
"Boston, MA metro area",6/1/2020,$540K,0.019,0.019,4129,0.331,-0.28,6870,0.232,0.037,9019,0.047,-0.263,22,1,12,0.999,0.001,-0.004
"Boston, MA metro area",7/1/2020,$555K,0.028,0.047,5495,0.331,-0.045,6425,-0.065,0.283,8987,-0.004,-0.204,20,-2,5,1.006,0.007,0.004
"Boston, MA metro area",8/1/2020,$569K,0.025,0.105,5556,0.011,-0.036,5792,-0.099,0.295,8493,-0.055,-0.182,21,1,-2,1.009,0.003,0.011
"Boston, MA metro area",9/1/2020,$560K,-0.016,0.143,5235,-0.058,0.248,6883,0.188,0.051,9477,0.116,-0.203,20,-1,-7,1.011,0.002,0.016
"Boston, MA metro area",10/1/2020,$550K,-0.018,0.134,5264,0.006,0.217,6231,-0.095,0.167,9352,-0.013,-0.167,20,0,-7,1.012,0.002,0.018
"Boston, MA metro area",11/1/2020,$550K,0,0.12,4667,-0.113,0.134,3633,-0.417,0.248,7425,-0.206,-0.156,21,1,-6,1.014,0.002,0.02
"Boston, MA metro area",12/1/2020,$550K,0,0.1,5293,0.134,0.197,2267,-0.376,0.414,5095,-0.314,-0.176,22,1,-12,1.008,-0.006,0.018
"Boston, MA metro area",1/1/2021,$558K,0.014,0.104,3392,-0.359,0.111,3348,0.477,0.005,5212,0.023,-0.181,24,2,-18,1.005,-0.003,0.019
"Boston, MA metro area",2/1/2021,$550K,-0.014,0.104,2581,-0.239,0.066,3833,0.145,-0.152,5123,-0.017,-0.284,27,3,-21,1.004,0,0.015
"Boston, MA metro area",3/1/2021,$577K,0.05,0.108,3656,0.417,0.129,6215,0.621,0.182,5674,0.108,-0.234,20,-7,-5,1.021,0.017,0.021
"Boston, MA metro area",4/1/2021,$601K,0.041,0.117,4291,0.174,0.341,6970,0.121,1.117,6555,0.155,-0.133,19,-1,-1,1.032,0.01,0.027
"Boston, MA metro area",5/1/2021,$620K,0.032,0.17,4882,0.138,0.573,6126,-0.121,0.099,6183,-0.057,-0.282,18,-1,-3,1.042,0.01,0.044
"Boston, MA metro area",6/1/2021,$650K,0.048,0.204,6436,0.318,0.559,7524,0.228,0.095,7061,0.142,-0.217,17,-1,-5,1.051,0.009,0.052
"Boston, MA metro area",7/1/2021,$635K,-0.023,0.144,5894,-0.084,0.073,5612,-0.254,-0.127,7163,0.014,-0.203,18,1,-2,1.045,-0.006,0.039
"Boston, MA metro area",8/1/2021,$625K,-0.016,0.098,5701,-0.033,0.026,4992,-0.11,-0.138,6592,-0.08,-0.224,19,1,-2,1.036,-0.009,0.027
"Boston, MA metro area",9/1/2021,$605K,-0.032,0.08,5130,-0.1,-0.02,6593,0.321,-0.042,7919,0.201,-0.164,20,1,0,1.028,-0.007,0.018
"Boston, MA metro area",10/1/2021,$600K,-0.008,0.091,4453,-0.132,-0.154,4776,-0.276,-0.234,6902,-0.128,-0.262,20,0,0,1.023,-0.005,0.011
"Boston, MA metro area",11/1/2021,$610K,0.017,0.109,4767,0.071,0.021,3452,-0.277,-0.05,5143,-0.255,-0.307,20,0,-1,1.022,-0.001,0.008
"Boston, MA metro area",12/1/2021,$620K,0.016,0.127,4902,0.028,-0.074,1870,-0.458,-0.175,3232,-0.372,-0.366,21,1,-1,1.02,-0.002,0.012
"Boston, MA metro area",1/1/2022,$597K,-0.037,0.07,3072,-0.373,-0.094,2765,0.479,-0.174,3348,0.036,-0.358,22,1,-2,1.016,-0.004,0.011
"Boston, MA metro area",2/1/2022,$595K,-0.003,0.082,2213,-0.28,-0.143,3490,0.262,-0.089,3570,0.066,-0.303,22,0,-5,1.024,0.008,0.02
"Boston, MA metro area",3/1/2022,$637K,0.071,0.104,3228,0.459,-0.117,5945,0.703,-0.043,4850,0.359,-0.145,19,-3,-1,1.043,0.019,0.022
"Boston, MA metro area",4/1/2022,$675K,0.059,0.123,3618,0.121,-0.157,5941,-0.001,-0.148,5608,0.156,-0.144,17,-2,-2,1.056,0.013,0.024
"Boston, MA metro area",5/1/2022,$690K,0.022,0.113,4515,0.248,-0.075,6354,0.07,0.037,6012,0.072,-0.028,16,-1,-2,1.063,0.007,0.021
"Boston, MA metro area",6/1/2022,$705K,0.022,0.085,5715,0.266,-0.112,6797,0.07,-0.097,7216,0.2,0.022,16,0,-1,1.059,-0.004,0.008
"Boston, MA metro area",7/1/2022,$686K,-0.027,0.08,4602,-0.195,-0.219,4799,-0.294,-0.145,7290,0.01,0.018,18,2,0,1.041,-0.018,-0.003
"Boston, MA metro area",8/1/2022,$675K,-0.016,0.08,4877,0.06,-0.145,3969,-0.173,-0.205,6383,-0.124,-0.032,20,2,1,1.022,-0.02,-0.014
"Boston, MA metro area",9/1/2022,$650K,-0.037,0.074,4023,-0.175,-0.216,5149,0.297,-0.219,7305,0.144,-0.078,21,1,1,1.013,-0.008,-0.015
"Boston, MA metro area",10/1/2022,$630K,-0.031,0.05,3433,-0.147,-0.229,3889,-0.245,-0.186,6908,-0.054,0.001,21,0,1,1.007,-0.006,-0.016
"Boston, MA metro area",11/1/2022,$643K,0.02,0.053,3319,-0.033,-0.304,2804,-0.279,-0.188,5763,-0.166,0.121,22,1,2,1.004,-0.003,-0.018
"Boston, MA metro area",12/1/2022,$605K,-0.058,-0.024,3283,-0.011,-0.33,1286,-0.541,-0.312,4012,-0.304,0.241,25,3,4,0.996,-0.008,-0.024
"Boston, MA metro area",1/1/2023,$614K,0.015,0.028,2165,-0.341,-0.295,2449,0.904,-0.114,4055,0.011,0.211,32,7,10,0.991,-0.004,-0.025
"Boston, MA metro area",2/1/2023,$598K,-0.026,0.005,1823,-0.158,-0.176,2649,0.082,-0.241,3881,-0.043,0.087,31,-1,9,0.996,0.005,-0.028
"Boston, MA metro area",3/1/2023,$650K,0.087,0.02,2659,0.459,-0.176,4404,0.663,-0.259,4813,0.24,-0.008,22,-9,3,1.007,0.011,-0.036
"Boston, MA metro area",4/1/2023,$670K,0.031,-0.007,2535,-0.047,-0.299,4064,-0.077,-0.316,4895,0.017,-0.127,19,-3,2,1.022,0.015,-0.034
"Chicago, IL metro area",2/1/2019,$233K,0.033,0.011,4918,0.067,-0.034,10208,0.325,-0.013,24910,0.077,0.065,70,8,6,0.968,0.003,-0.001
"Chicago, IL metro area",3/1/2019,$243K,0.045,-0.008,6959,0.415,-0.107,13412,0.314,-0.02,27167,0.091,0.09,56,-14,9,0.973,0.005,0
"Chicago, IL metro area",4/1/2019,$255K,0.049,0.01,8576,0.232,-0.058,14557,0.085,0.015,29402,0.082,0.096,35,-21,4,0.975,0.002,-0.002
"Chicago, IL metro area",5/1/2019,$262K,0.027,0.027,10340,0.206,-0.024,14265,-0.02,-0.019,31214,0.062,0.085,30,-5,4,0.977,0.002,-0.001
"Chicago, IL metro area",6/1/2019,$266K,0.013,0.002,10122,-0.021,-0.11,12735,-0.107,-0.034,32468,0.04,0.074,29,-1,2,0.977,0,-0.003
"Chicago, IL metro area",7/1/2019,$262K,-0.013,0.027,9951,-0.017,0.014,11765,-0.076,-0.037,32842,0.012,0.054,32,3,3,0.975,-0.002,-0.003
"Chicago, IL metro area",8/1/2019,$255K,-0.027,0.041,9392,-0.056,-0.058,10816,-0.081,-0.037,32859,0.001,0.051,37,5,5,0.974,-0.001,0
"Chicago, IL metro area",9/1/2019,$244K,-0.044,0.016,7606,-0.19,0.019,10051,-0.071,-0.003,32759,-0.003,0.035,41,4,5,0.972,-0.002,0
"Chicago, IL metro area",10/1/2019,$240K,-0.015,0.034,7754,0.019,-0.016,9075,-0.097,-0.028,31196,-0.048,0.031,48,7,7,0.97,-0.002,-0.001
"Chicago, IL metro area",11/1/2019,$242K,0.007,0.029,6530,-0.158,-0.072,5792,-0.362,-0.069,27330,-0.124,0.012,50,2,3,0.968,-0.002,-0.001
"Chicago, IL metro area",12/1/2019,$240K,-0.007,0.048,6891,0.055,0.141,4418,-0.237,0.072,23248,-0.149,0.004,55,5,1,0.967,-0.001,0.001
"Chicago, IL metro area",1/1/2020,$234K,-0.025,0.04,5117,-0.257,0.11,8307,0.88,0.078,23082,-0.007,-0.002,65,10,3,0.965,-0.003,0
"Chicago, IL metro area",2/1/2020,$242K,0.035,0.042,5260,0.028,0.07,11031,0.328,0.081,23634,0.024,-0.051,72,7,2,0.968,0.003,0
"Chicago, IL metro area",3/1/2020,$265K,0.094,0.091,7201,0.369,0.035,10984,-0.004,-0.181,24050,0.018,-0.115,47,-25,-9,0.975,0.007,0.002
"Chicago, IL metro area",4/1/2020,$275K,0.038,0.078,7221,0.003,-0.158,6891,-0.373,-0.527,23371,-0.028,-0.205,25,-22,-10,0.977,0.002,0.002
"Chicago, IL metro area",5/1/2020,$265K,-0.036,0.011,6346,-0.121,-0.386,10196,0.48,-0.285,23006,-0.016,-0.263,28,3,-2,0.973,-0.005,-0.004
"Chicago, IL metro area",6/1/2020,$269K,0.015,0.013,8088,0.275,-0.201,12946,0.27,0.017,22803,-0.009,-0.298,30,2,1,0.974,0.001,-0.003
"Chicago, IL metro area",7/1/2020,$280K,0.041,0.069,10875,0.345,0.093,13642,0.054,0.16,23163,0.016,-0.295,24,-6,-8,0.979,0.005,0.003
"Chicago, IL metro area",8/1/2020,$285K,0.018,0.118,11047,0.016,0.176,12858,-0.057,0.189,23204,0.002,-0.294,21,-3,-16,0.98,0.001,0.006
"Chicago, IL metro area",9/1/2020,$277K,-0.03,0.134,10310,-0.067,0.356,12130,-0.057,0.207,23506,0.013,-0.282,20,-1,-21,0.982,0.002,0.009
"Chicago, IL metro area",10/1/2020,$275K,-0.005,0.146,10409,0.01,0.342,10656,-0.122,0.174,22634,-0.037,-0.274,19,-1,-29,0.982,0,0.012
"Chicago, IL metro area",11/1/2020,$270K,-0.018,0.117,8337,-0.199,0.277,7083,-0.335,0.223,19849,-0.123,-0.274,20,1,-30,0.981,-0.001,0.013
"Chicago, IL metro area",12/1/2020,$269K,-0.004,0.121,9118,0.094,0.323,5332,-0.247,0.207,16559,-0.166,-0.288,23,3,-32,0.981,-0.001,0.013
"Chicago, IL metro area",1/1/2021,$270K,0.004,0.154,6163,-0.324,0.204,8119,0.523,-0.023,15322,-0.075,-0.336,32,9,-33,0.98,-0.001,0.015
"Chicago, IL metro area",2/1/2021,$275K,0.018,0.135,6075,-0.014,0.155,8834,0.088,-0.199,14438,-0.058,-0.389,36,4,-36,0.981,0.001,0.013
"Chicago, IL metro area",3/1/2021,$300K,0.091,0.132,9303,0.531,0.292,13570,0.536,0.235,14777,0.023,-0.386,24,-12,-23,0.987,0.007,0.012
"Chicago, IL metro area",4/1/2021,$312K,0.04,0.135,10479,0.126,0.451,14717,0.085,1.136,16477,0.115,-0.295,13,-11,-12,0.994,0.007,0.017
"Chicago, IL metro area",5/1/2021,$315K,0.01,0.189,10895,0.04,0.717,13994,-0.049,0.372,17574,0.067,-0.236,9,-4,-19,1,0.006,0.027
"Chicago, IL metro area",6/1/2021,$320K,0.016,0.19,13025,0.196,0.61,15031,0.074,0.161,19895,0.132,-0.128,8,-1,-22,1.003,0.003,0.029
"Chicago, IL metro area",7/1/2021,$312K,-0.025,0.114,11698,-0.102,0.076,13926,-0.074,0.021,21480,0.08,-0.073,10,2,-14,1.001,-0.002,0.022
"Chicago, IL metro area",8/1/2021,$305K,-0.022,0.07,11195,-0.043,0.013,12113,-0.13,-0.058,21202,-0.013,-0.086,13,3,-8,0.997,-0.003,0.017
"Chicago, IL metro area",9/1/2021,$294K,-0.037,0.062,9951,-0.111,-0.035,11471,-0.053,-0.054,21169,-0.002,-0.099,15,2,-5,0.992,-0.005,0.01
"Chicago, IL metro area",10/1/2021,$293K,-0.003,0.065,9560,-0.039,-0.082,9868,-0.14,-0.074,19515,-0.078,-0.138,19,4,0,0.99,-0.002,0.008
"Chicago, IL metro area",11/1/2021,$293K,0,0.085,8959,-0.063,0.075,7156,-0.275,0.01,16865,-0.136,-0.15,22,3,2,0.987,-0.002,0.006
"Chicago, IL metro area",12/1/2021,$290K,-0.01,0.078,9125,0.019,0.001,4789,-0.331,-0.102,14449,-0.143,-0.127,25,3,2,0.987,-0.001,0.006
"Chicago, IL metro area",1/1/2022,$290K,0,0.074,6338,-0.305,0.028,7496,0.565,-0.077,17638,0.221,0.151,32,7,0,0.983,-0.003,0.003
"Chicago, IL metro area",2/1/2022,$292K,0.005,0.06,6181,-0.025,0.017,9090,0.213,0.029,21242,0.204,0.471,51,19,15,0.989,0.006,0.009
"Chicago, IL metro area",3/1/2022,$310K,0.063,0.033,8777,0.42,-0.057,12352,0.359,-0.09,23345,0.099,0.58,52,1,28,0.998,0.009,0.011
"Chicago, IL metro area",4/1/2022,$327K,0.055,0.048,9495,0.082,-0.094,12426,0.006,-0.156,24968,0.07,0.515,48,-4,35,1.006,0.008,0.012
"Chicago, IL metro area",5/1/2022,$329K,0.006,0.044,10187,0.073,-0.065,12773,0.028,-0.087,26220,0.05,0.492,48,0,39,1.011,0.004,0.011
"Chicago, IL metro area",6/1/2022,$340K,0.033,0.063,11002,0.08,-0.155,13084,0.024,-0.13,27238,0.039,0.369,48,0,40,1.01,-0.001,0.007
"Chicago, IL metro area",7/1/2022,$325K,-0.044,0.042,8942,-0.187,-0.236,10740,-0.179,-0.229,27565,0.012,0.283,49,1,39,1.002,-0.008,0.001
"Chicago, IL metro area",8/1/2022,$310K,-0.046,0.016,8978,0.004,-0.198,9269,-0.137,-0.235,25999,-0.057,0.226,53,4,40,0.993,-0.009,-0.004
"Chicago, IL metro area",9/1/2022,$305K,-0.016,0.038,7866,-0.124,-0.21,8539,-0.079,-0.256,25127,-0.034,0.187,57,4,42,0.987,-0.006,-0.005
"Chicago, IL metro area",10/1/2022,$300K,-0.016,0.024,6568,-0.165,-0.313,7175,-0.16,-0.273,23661,-0.058,0.212,61,4,42,0.983,-0.003,-0.006
"Chicago, IL metro area",11/1/2022,$294K,-0.02,0.003,5832,-0.112,-0.349,5257,-0.267,-0.265,21134,-0.107,0.253,60,-1,38,0.98,-0.003,-0.007
"Chicago, IL metro area",12/1/2022,$285K,-0.031,-0.017,5533,-0.051,-0.394,3432,-0.347,-0.283,17282,-0.182,0.196,64,4,39,0.978,-0.002,-0.009
"Chicago, IL metro area",1/1/2023,$285K,0,-0.017,3860,-0.302,-0.391,5677,0.654,-0.243,17680,0.023,0.002,76,12,44,0.975,-0.002,-0.008
"Chicago, IL metro area",2/1/2023,$290K,0.018,-0.005,4290,0.111,-0.306,6437,0.134,-0.292,18468,0.045,-0.131,75,-1,24,0.979,0.004,-0.01
"Chicago, IL metro area",3/1/2023,$308K,0.06,-0.008,6796,0.584,-0.226,8434,0.31,-0.317,18308,-0.009,-0.216,57,-18,5,0.988,0.009,-0.011
"Chicago, IL metro area",4/1/2023,$320K,0.041,-0.021,6605,-0.028,-0.304,7924,-0.06,-0.362,18116,-0.01,-0.274,51,-6,3,0.995,0.007,-0.012
"Los Angeles, CA metro area",2/1/2019,$602K,0.012,0.008,3864,0.019,-0.098,6298,-0.071,-0.134,18185,0.046,0.276,59,0,18,0.988,0.003,-0.011
"Los Angeles, CA metro area",3/1/2019,$625K,0.038,0.037,5344,0.383,-0.151,7656,0.216,-0.036,18662,0.026,0.272,51,-8,15,0.99,0.002,-0.014
"Los Angeles, CA metro area",4/1/2019,$626K,0.002,0.026,5974,0.118,0.004,8207,0.072,-0.042,19297,0.034,0.215,48,-3,14,0.993,0.003,-0.012
"Los Angeles, CA metro area",5/1/2019,$630K,0.006,0,6564,0.099,-0.013,8673,0.057,-0.022,19812,0.027,0.178,45,-3,11,0.995,0.003,-0.009
"Los Angeles, CA metro area",6/1/2019,$638K,0.013,0.005,6268,-0.045,-0.101,7871,-0.092,-0.098,20058,0.012,0.133,45,0,9,0.996,0.001,-0.007
"Los Angeles, CA metro area",7/1/2019,$650K,0.019,0.035,6476,0.033,0.003,7898,0.003,-0.054,19915,-0.007,0.081,46,1,10,0.994,-0.002,-0.007
"Los Angeles, CA metro area",8/1/2019,$640K,-0.015,0.017,6592,0.018,-0.039,7366,-0.067,-0.116,19080,-0.042,0.011,47,1,9,0.994,0,-0.006
"Los Angeles, CA metro area",9/1/2019,$641K,0.002,0.042,5742,-0.129,0.111,7148,-0.03,-0.035,18899,-0.009,-0.036,49,2,8,0.995,0.001,-0.001
"Los Angeles, CA metro area",10/1/2019,$645K,0.006,0.049,6201,0.08,0.065,6790,-0.05,-0.099,17892,-0.053,-0.095,49,0,5,0.994,-0.001,0
"Los Angeles, CA metro area",11/1/2019,$640K,-0.008,0.024,5462,-0.119,0.082,4880,-0.281,-0.162,15965,-0.108,-0.152,48,-1,3,0.995,0.002,0.004
"Los Angeles, CA metro area",12/1/2019,$650K,0.016,0.08,5686,0.041,0.174,3275,-0.329,-0.048,12491,-0.218,-0.226,53,5,2,0.993,-0.003,0.004
"Los Angeles, CA metro area",1/1/2020,$635K,-0.023,0.067,4484,-0.211,0.183,6174,0.885,-0.09,13016,0.042,-0.252,58,5,-1,0.992,-0.001,0.007
"Los Angeles, CA metro area",2/1/2020,$639K,0.006,0.061,4347,-0.031,0.125,6529,0.057,0.037,13738,0.055,-0.245,48,-10,-11,0.996,0.004,0.008
"Los Angeles, CA metro area",3/1/2020,$660K,0.033,0.056,5117,0.177,-0.042,6090,-0.067,-0.205,13746,0.001,-0.263,41,-7,-10,1.002,0.006,0.012
"Los Angeles, CA metro area",4/1/2020,$650K,-0.015,0.038,3775,-0.262,-0.368,4323,-0.29,-0.473,13680,-0.005,-0.291,38,-3,-10,1,-0.002,0.007
"Los Angeles, CA metro area",5/1/2020,$635K,-0.023,0.008,3105,-0.177,-0.527,6311,0.46,-0.272,14981,0.095,-0.244,44,6,-1,0.993,-0.007,-0.003
"Los Angeles, CA metro area",6/1/2020,$655K,0.031,0.027,4576,0.474,-0.27,7174,0.137,-0.089,15604,0.042,-0.222,42,-2,-3,0.993,0,-0.003
"Los Angeles, CA metro area",7/1/2020,$700K,0.069,0.077,6172,0.349,-0.047,8420,0.174,0.066,16056,0.029,-0.194,42,0,-4,0.999,0.006,0.005
"Los Angeles, CA metro area",8/1/2020,$710K,0.014,0.109,6230,0.009,-0.055,8211,-0.025,0.115,16358,0.019,-0.143,40,-2,-7,1.002,0.003,0.008
"Los Angeles, CA metro area",9/1/2020,$730K,0.028,0.139,6638,0.065,0.156,8339,0.016,0.167,16562,0.012,-0.124,39,-1,-10,1.007,0.005,0.012
"Los Angeles, CA metro area",10/1/2020,$735K,0.007,0.14,6926,0.043,0.117,8513,0.021,0.254,16811,0.015,-0.06,37,-2,-12,1.01,0.002,0.016
"Los Angeles, CA metro area",11/1/2020,$720K,-0.02,0.125,6053,-0.126,0.108,5980,-0.298,0.225,15417,-0.083,-0.034,38,1,-10,1.01,0,0.014
"Los Angeles, CA metro area",12/1/2020,$730K,0.014,0.123,7063,0.167,0.242,4684,-0.217,0.43,12539,-0.187,0.004,40,2,-13,1.009,-0.001,0.017
"Los Angeles, CA metro area",1/1/2021,$722K,-0.011,0.137,5118,-0.275,0.141,6271,0.339,0.016,12421,-0.009,-0.046,43,3,-15,1.008,-0.001,0.016
"Los Angeles, CA metro area",2/1/2021,$745K,0.032,0.166,4971,-0.029,0.144,6883,0.098,0.054,12540,0.01,-0.087,41,-2,-7,1.011,0.003,0.015
"Los Angeles, CA metro area",3/1/2021,$775K,0.04,0.174,7024,0.413,0.373,8449,0.228,0.387,12652,0.009,-0.08,35,-6,-6,1.02,0.01,0.018
"Los Angeles, CA metro area",4/1/2021,$795K,0.026,0.223,7385,0.051,0.956,8301,-0.018,0.92,12912,0.021,-0.056,33,-2,-5,1.029,0.009,0.029
"Los Angeles, CA metro area",5/1/2021,$815K,0.025,0.283,6944,-0.06,1.236,8225,-0.009,0.303,13194,0.022,-0.119,31,-2,-13,1.034,0.004,0.041
"Los Angeles, CA metro area",6/1/2021,$830K,0.018,0.267,7663,0.104,0.675,8625,0.049,0.202,13404,0.016,-0.141,31,0,-11,1.037,0.003,0.044
"Los Angeles, CA metro area",7/1/2021,$825K,-0.006,0.179,7249,-0.054,0.174,8863,0.028,0.053,14176,0.058,-0.117,31,0,-11,1.035,-0.002,0.036
"Los Angeles, CA metro area",8/1/2021,$825K,0,0.162,6963,-0.039,0.118,7935,-0.105,-0.034,14023,-0.011,-0.143,32,1,-8,1.032,-0.003,0.03
"Los Angeles, CA metro area",9/1/2021,$821K,-0.005,0.125,6902,-0.009,0.04,7600,-0.042,-0.089,13590,-0.031,-0.179,34,2,-5,1.026,-0.007,0.019
"Los Angeles, CA metro area",10/1/2021,$810K,-0.013,0.102,6718,-0.027,-0.03,7167,-0.057,-0.158,12992,-0.044,-0.227,34,0,-3,1.025,-0.001,0.016
"Los Angeles, CA metro area",11/1/2021,$820K,0.012,0.139,6459,-0.039,0.067,5492,-0.234,-0.082,11210,-0.137,-0.273,34,0,-4,1.026,0,0.016
"Los Angeles, CA metro area",12/1/2021,$840K,0.024,0.151,6768,0.048,-0.042,3828,-0.303,-0.183,8465,-0.245,-0.325,36,2,-4,1.024,-0.001,0.015
"Los Angeles, CA metro area",1/1/2022,$825K,-0.018,0.143,4762,-0.296,-0.07,5807,0.517,-0.074,8838,0.044,-0.288,39,3,-4,1.023,-0.001,0.015
"Los Angeles, CA metro area",2/1/2022,$840K,0.018,0.128,4625,-0.029,-0.07,6572,0.132,-0.045,9576,0.084,-0.236,32,-7,-9,1.035,0.012,0.024
"Los Angeles, CA metro area",3/1/2022,$875K,0.042,0.129,6527,0.411,-0.071,7730,0.176,-0.085,10074,0.052,-0.204,28,-4,-7,1.048,0.013,0.028
"Los Angeles, CA metro area",4/1/2022,$900K,0.029,0.132,6269,-0.04,-0.151,7742,0.002,-0.067,11058,0.098,-0.144,27,-1,-6,1.053,0.005,0.024
"Los Angeles, CA metro area",5/1/2022,$900K,0,0.104,5906,-0.058,-0.149,7880,0.018,-0.042,12358,0.118,-0.063,27,0,-4,1.051,-0.003,0.017
"Los Angeles, CA metro area",6/1/2022,$890K,-0.011,0.072,6073,0.028,-0.207,8211,0.042,-0.048,14119,0.142,0.053,29,2,-2,1.037,-0.013,0
"Los Angeles, CA metro area",7/1/2022,$862K,-0.031,0.045,4897,-0.194,-0.324,7076,-0.138,-0.202,15266,0.081,0.077,34,5,3,1.02,-0.018,-0.016
"Los Angeles, CA metro area",8/1/2022,$845K,-0.02,0.024,5051,0.031,-0.275,6403,-0.095,-0.193,15155,-0.007,0.081,38,4,6,1.004,-0.016,-0.028
"Los Angeles, CA metro area",9/1/2022,$840K,-0.006,0.023,4789,-0.052,-0.306,5719,-0.107,-0.248,14967,-0.012,0.101,43,5,9,0.996,-0.008,-0.03
"Los Angeles, CA metro area",10/1/2022,$825K,-0.018,0.019,4101,-0.144,-0.39,5187,-0.093,-0.276,14627,-0.023,0.126,44,1,10,0.995,-0.001,-0.03
"Los Angeles, CA metro area",11/1/2022,$810K,-0.018,-0.012,3679,-0.103,-0.43,3927,-0.243,-0.285,13502,-0.077,0.204,47,3,13,0.989,-0.006,-0.037
"Los Angeles, CA metro area",12/1/2022,$799K,-0.014,-0.049,3578,-0.027,-0.471,2496,-0.364,-0.348,11047,-0.182,0.305,51,4,15,0.985,-0.004,-0.04
"Los Angeles, CA metro area",1/1/2023,$796K,-0.004,-0.035,2824,-0.211,-0.407,4098,0.642,-0.294,10937,-0.01,0.237,60,9,21,0.984,-0.001,-0.039
"Los Angeles, CA metro area",2/1/2023,$795K,-0.001,-0.054,3055,0.082,-0.339,4175,0.019,-0.365,10600,-0.031,0.107,57,-3,25,0.987,0.004,-0.048
"Los Angeles, CA metro area",3/1/2023,$820K,0.031,-0.063,4431,0.45,-0.321,5160,0.236,-0.332,10118,-0.045,0.004,44,-13,16,0.997,0.01,-0.051
"Los Angeles, CA metro area",4/1/2023,$830K,0.012,-0.078,3875,-0.125,-0.382,4870,-0.056,-0.371,9396,-0.071,-0.15,38,-6,11,1.005,0.008,-0.048
"Philadelphia, PA metro area",2/1/2019,$185K,-0.001,0.057,1360,-0.031,0.007,2362,0.065,-0.058,6029,0.042,-0.078,53,5,-14,0.96,-0.005,-0.002
"Philadelphia, PA metro area",3/1/2019,$199K,0.076,0.015,1801,0.324,-0.062,3110,0.317,0.063,6474,0.074,0.048,50,-3,-2,0.966,0.006,-0.001
"Philadelphia, PA metro area",4/1/2019,$210K,0.055,0.029,2141,0.189,-0.025,3380,0.087,0.015,6780,0.047,0.077,41,-9,6,0.973,0.008,-0.001
"Philadelphia, PA metro area",5/1/2019,$218K,0.038,0.043,2575,0.203,-0.003,3422,0.012,0.022,7134,0.052,0.102,37,-4,6,0.973,0,-0.002
"Philadelphia, PA metro area",6/1/2019,$236K,0.08,0.095,2523,-0.02,-0.132,2934,-0.143,-0.026,7174,0.006,0.118,38,1,9,0.977,0.004,-0.001
"Philadelphia, PA metro area",7/1/2019,$225K,-0.045,0.082,2437,-0.034,-0.015,2711,-0.076,0.001,6836,-0.047,0.077,39,1,10,0.974,-0.003,-0.002
"Philadelphia, PA metro area",8/1/2019,$222K,-0.013,0.072,2300,-0.056,-0.065,2555,-0.058,-0.052,6609,-0.033,0.041,39,0,8,0.97,-0.004,-0.005
"Philadelphia, PA metro area",9/1/2019,$200K,-0.099,0.001,2016,-0.123,0.053,2863,0.121,0.084,6925,0.048,0.067,38,-1,4,0.967,-0.003,-0.005
"Philadelphia, PA metro area",10/1/2019,$200K,0,0.026,1988,-0.014,-0.03,2778,-0.03,0.009,6989,0.009,0.064,38,0,6,0.969,0.001,0
"Philadelphia, PA metro area",11/1/2019,$216K,0.08,0.108,1882,-0.053,-0.076,2036,-0.267,0.013,6495,-0.071,0.046,41,3,6,0.967,-0.002,0.002
"Philadelphia, PA metro area",12/1/2019,$210K,-0.028,0.111,2100,0.116,0.13,1369,-0.328,-0.007,5496,-0.154,-0.005,43,2,5,0.962,-0.005,-0.002
"Philadelphia, PA metro area",1/1/2020,$209K,-0.006,0.128,1681,-0.2,0.197,2263,0.653,0.02,5494,0,-0.05,54,11,6,0.964,0.002,-0.001
"Philadelphia, PA metro area",2/1/2020,$215K,0.03,0.163,1578,-0.061,0.16,2559,0.131,0.083,5752,0.047,-0.046,58,4,5,0.963,-0.001,0.003
"Philadelphia, PA metro area",3/1/2020,$235K,0.093,0.181,1809,0.146,0.004,2497,-0.024,-0.197,5735,-0.003,-0.114,45,-13,-5,0.97,0.007,0.004
"Philadelphia, PA metro area",4/1/2020,$247K,0.049,0.174,1490,-0.176,-0.304,1009,-0.596,-0.701,5318,-0.073,-0.216,39,-6,-2,0.978,0.008,0.004
"Philadelphia, PA metro area",5/1/2020,$233K,-0.057,0.067,1107,-0.257,-0.57,2226,1.206,-0.35,5825,0.095,-0.183,42,3,5,0.968,-0.01,-0.005
"Philadelphia, PA metro area",6/1/2020,$250K,0.075,0.062,1554,0.404,-0.384,3121,0.402,0.064,6084,0.044,-0.152,46,4,8,0.974,0.006,-0.003
"Philadelphia, PA metro area",7/1/2020,$246K,-0.016,0.093,2523,0.624,0.035,3282,0.052,0.211,6093,0.001,-0.109,40,-6,1,0.98,0.006,0.006
"Philadelphia, PA metro area",8/1/2020,$245K,-0.004,0.104,2543,0.008,0.106,3143,-0.042,0.23,6138,0.007,-0.071,35,-5,-4,0.984,0.004,0.014
"Philadelphia, PA metro area",9/1/2020,$243K,-0.01,0.213,2508,-0.014,0.244,3170,0.009,0.107,6333,0.032,-0.085,33,-2,-5,0.981,-0.003,0.014
"Philadelphia, PA metro area",10/1/2020,$237K,-0.023,0.185,2555,0.019,0.285,3177,0.002,0.144,6352,0.003,-0.091,34,1,-4,0.983,0.002,0.014
"Philadelphia, PA metro area",11/1/2020,$245K,0.034,0.134,2292,-0.103,0.218,2334,-0.265,0.146,5991,-0.057,-0.078,33,-1,-8,0.985,0.003,0.018
"Philadelphia, PA metro area",12/1/2020,$240K,-0.02,0.143,2395,0.045,0.14,1681,-0.28,0.228,5053,-0.157,-0.081,35,2,-8,0.981,-0.004,0.019
"Philadelphia, PA metro area",1/1/2021,$235K,-0.021,0.126,1874,-0.218,0.115,2223,0.322,-0.018,4888,-0.033,-0.11,40,5,-14,0.978,-0.003,0.014
"Philadelphia, PA metro area",2/1/2021,$237K,0.008,0.102,1731,-0.076,0.097,2122,-0.045,-0.171,4681,-0.042,-0.186,42,2,-16,0.977,-0.001,0.014
"Philadelphia, PA metro area",3/1/2021,$259K,0.091,0.1,2265,0.308,0.252,3314,0.562,0.327,4908,0.048,-0.144,39,-3,-6,0.986,0.008,0.016
"Philadelphia, PA metro area",4/1/2021,$265K,0.025,0.075,2507,0.107,0.683,3616,0.091,2.584,5260,0.072,-0.011,32,-7,-7,0.991,0.006,0.013
"Philadelphia, PA metro area",5/1/2021,$268K,0.009,0.151,2529,0.009,1.285,3359,-0.071,0.509,5410,0.029,-0.071,27,-5,-15,0.998,0.007,0.03
"Philadelphia, PA metro area",6/1/2021,$280K,0.047,0.12,3134,0.239,1.017,3438,0.024,0.102,5643,0.043,-0.072,25,-2,-21,1,0.002,0.027
"Philadelphia, PA metro area",7/1/2021,$275K,-0.018,0.118,2741,-0.125,0.086,3250,-0.055,-0.01,6140,0.088,0.008,26,1,-14,1.002,0.002,0.022
"Philadelphia, PA metro area",8/1/2021,$270K,-0.018,0.102,2562,-0.065,0.007,2995,-0.078,-0.047,6135,-0.001,0,28,2,-7,0.997,-0.005,0.014
"Philadelphia, PA metro area",9/1/2021,$260K,-0.037,0.072,2415,-0.057,-0.037,3074,0.026,-0.03,6473,0.055,0.022,33,5,0,0.991,-0.006,0.01
"Philadelphia, PA metro area",10/1/2021,$260K,0,0.097,2295,-0.05,-0.102,2929,-0.047,-0.078,6378,-0.015,0.004,37,4,3,0.986,-0.005,0.003
"Philadelphia, PA metro area",11/1/2021,$265K,0.019,0.082,2389,0.041,0.042,2357,-0.195,0.01,5850,-0.083,-0.024,37,0,4,0.987,0.001,0.002
"Philadelphia, PA metro area",12/1/2021,$256K,-0.034,0.067,2513,0.052,0.049,1667,-0.293,-0.008,4922,-0.159,-0.026,40,3,5,0.986,-0.001,0.005
"Philadelphia, PA metro area",1/1/2022,$250K,-0.023,0.064,2057,-0.181,0.098,2083,0.25,-0.063,4592,-0.067,-0.061,46,6,6,0.982,-0.004,0.003
"Philadelphia, PA metro area",2/1/2022,$250K,0,0.055,1805,-0.123,0.043,2538,0.218,0.196,4658,0.014,-0.005,49,3,7,0.982,0,0.005
"Philadelphia, PA metro area",3/1/2022,$265K,0.06,0.025,2466,0.366,0.089,3352,0.321,0.011,4963,0.065,0.011,35,-14,-4,0.99,0.008,0.004
"Philadelphia, PA metro area",4/1/2022,$275K,0.038,0.038,2361,-0.043,-0.058,3381,0.009,-0.065,5453,0.099,0.037,29,-6,-3,0.997,0.007,0.006
"Philadelphia, PA metro area",5/1/2022,$288K,0.045,0.075,2536,0.074,0.003,3176,-0.061,-0.054,5711,0.047,0.056,26,-3,-1,1.003,0.006,0.005
"Philadelphia, PA metro area",6/1/2022,$297K,0.033,0.061,2759,0.088,-0.12,3416,0.076,-0.006,6286,0.101,0.114,27,1,2,1.002,-0.001,0.002
"Philadelphia, PA metro area",7/1/2022,$280K,-0.057,0.018,2202,-0.202,-0.197,2761,-0.192,-0.15,6524,0.038,0.063,30,3,4,0.997,-0.005,-0.005
"Philadelphia, PA metro area",8/1/2022,$275K,-0.018,0.019,2217,0.007,-0.135,2554,-0.075,-0.147,6447,-0.012,0.051,32,2,4,0.988,-0.009,-0.01
"Philadelphia, PA metro area",9/1/2022,$259K,-0.057,-0.003,1956,-0.118,-0.19,2621,0.026,-0.147,6639,0.03,0.026,40,8,7,0.979,-0.009,-0.012
"Philadelphia, PA metro area",10/1/2022,$256K,-0.012,-0.014,1739,-0.111,-0.242,2368,-0.097,-0.192,6627,-0.002,0.039,37,-3,0,0.978,-0.001,-0.008
"Philadelphia, PA metro area",11/1/2022,$260K,0.015,-0.019,1604,-0.078,-0.329,1808,-0.236,-0.233,6221,-0.061,0.063,39,2,2,0.975,-0.003,-0.012
"Philadelphia, PA metro area",12/1/2022,$258K,-0.01,0.006,1516,-0.055,-0.397,1337,-0.261,-0.198,5475,-0.12,0.112,46,7,6,0.971,-0.004,-0.015
"Philadelphia, PA metro area",1/1/2023,$240K,-0.068,-0.04,1260,-0.169,-0.387,1874,0.402,-0.1,5396,-0.014,0.175,53,7,7,0.961,-0.009,-0.02
"Philadelphia, PA metro area",2/1/2023,$235K,-0.021,-0.06,1284,0.019,-0.289,1902,0.015,-0.251,5351,-0.008,0.149,59,6,10,0.965,0.004,-0.017
"Philadelphia, PA metro area",3/1/2023,$260K,0.106,-0.019,1761,0.371,-0.286,2658,0.397,-0.207,5483,0.025,0.105,47,-12,12,0.974,0.008,-0.016
"Philadelphia, PA metro area",4/1/2023,$263K,0.012,-0.044,1673,-0.05,-0.291,2545,-0.043,-0.247,5610,0.023,0.029,41,-6,12,0.979,0.006,-0.018
"Seattle, WA metro area",2/1/2019,$540K,0.043,0.029,2889,0.235,-0.015,3072,-0.06,-0.14,5270,-0.002,1.065,40,-8,32,0.991,0.007,-0.043
"Seattle, WA metro area",3/1/2019,$555K,0.028,0.007,3362,0.164,-0.132,5399,0.757,0.016,5861,0.112,0.868,19,-21,12,0.998,0.006,-0.042
"Seattle, WA metro area",4/1/2019,$569K,0.025,-0.01,4237,0.26,-0.01,5732,0.062,0.04,6348,0.083,0.617,10,-9,3,1.004,0.006,-0.041
"Seattle, WA metro area",5/1/2019,$585K,0.028,0.009,4939,0.166,0.003,7094,0.238,0.003,7897,0.244,0.479,9,-1,2,1.004,0,-0.036
"Seattle, WA metro area",6/1/2019,$575K,-0.017,-0.009,4861,-0.016,-0.057,5576,-0.214,-0.138,8102,0.026,0.221,11,2,4,1.003,-0.001,-0.024
"Seattle, WA metro area",7/1/2019,$559K,-0.028,-0.02,4852,-0.002,0.005,4925,-0.117,-0.127,7847,-0.031,0.05,14,3,5,0.999,-0.004,-0.014
"Seattle, WA metro area",8/1/2019,$553K,-0.011,0.005,4652,-0.041,0.014,4496,-0.087,-0.163,7604,-0.031,-0.093,18,4,6,0.996,-0.003,-0.007
"Seattle, WA metro area",9/1/2019,$535K,-0.032,-0.009,3875,-0.167,0.091,4512,0.004,-0.122,7507,-0.013,-0.19,21,3,4,0.995,-0.001,-0.001
"Seattle, WA metro area",10/1/2019,$555K,0.037,0.009,4158,0.073,0.077,3806,-0.156,-0.052,6577,-0.124,-0.237,19,-2,-2,0.995,0,0.003
"Seattle, WA metro area",11/1/2019,$550K,-0.009,0.009,3624,-0.128,0.053,2363,-0.379,-0.131,4882,-0.258,-0.33,24,5,-4,0.994,-0.001,0.005
"Seattle, WA metro area",12/1/2019,$569K,0.034,0.073,3758,0.037,0.182,1619,-0.315,0.198,3484,-0.286,-0.37,31,7,-9,0.993,-0.001,0.007
"Seattle, WA metro area",1/1/2020,$550K,-0.033,0.063,2511,-0.332,0.073,3218,0.988,-0.015,3288,-0.056,-0.377,38,7,-10,0.994,0.001,0.01
"Seattle, WA metro area",2/1/2020,$575K,0.045,0.064,3008,0.198,0.041,4012,0.247,0.306,3437,0.045,-0.348,16,-22,-24,1.006,0.012,0.015
"Seattle, WA metro area",3/1/2020,$590K,0.027,0.063,3810,0.267,0.133,5202,0.297,-0.036,4474,0.302,-0.237,7,-9,-12,1.017,0.011,0.02
"Seattle, WA metro area",4/1/2020,$600K,0.017,0.054,3062,-0.196,-0.277,3758,-0.278,-0.344,4886,0.092,-0.23,6,-1,-4,1.015,-0.003,0.011
"Seattle, WA metro area",5/1/2020,$580K,-0.033,-0.009,3076,0.005,-0.377,4796,0.276,-0.324,4977,0.019,-0.37,10,4,1,1.004,-0.011,0
"Seattle, WA metro area",6/1/2020,$610K,0.052,0.061,4455,0.448,-0.084,5324,0.11,-0.045,4862,-0.023,-0.4,9,-1,-2,1.008,0.004,0.005
"Seattle, WA metro area",7/1/2020,$618K,0.013,0.106,5089,0.142,0.049,6119,0.149,0.242,5216,0.073,-0.335,8,-1,-6,1.012,0.004,0.013
"Seattle, WA metro area",8/1/2020,$628K,0.016,0.136,5052,-0.007,0.086,6037,-0.013,0.343,5246,0.006,-0.31,7,-1,-11,1.014,0.002,0.018
"Seattle, WA metro area",9/1/2020,$635K,0.012,0.187,5388,0.067,0.39,5733,-0.05,0.271,5021,-0.043,-0.331,7,0,-14,1.016,0.002,0.021
"Seattle, WA metro area",10/1/2020,$631K,-0.006,0.138,5657,0.05,0.361,5237,-0.087,0.376,4777,-0.049,-0.274,7,0,-12,1.017,0.001,0.022
"Seattle, WA metro area",11/1/2020,$628K,-0.005,0.142,4525,-0.2,0.249,3026,-0.422,0.281,3478,-0.272,-0.288,7,0,-17,1.016,0,0.023
"Seattle, WA metro area",12/1/2020,$620K,-0.013,0.09,4487,-0.008,0.194,2533,-0.163,0.565,2488,-0.285,-0.286,9,2,-22,1.016,-0.001,0.023
"Seattle, WA metro area",1/1/2021,$621K,0.001,0.128,2929,-0.347,0.166,3436,0.356,0.068,2334,-0.062,-0.29,10,1,-28,1.018,0.003,0.024
"Seattle, WA metro area",2/1/2021,$651K,0.049,0.133,3180,0.086,0.057,3830,0.115,-0.045,2274,-0.026,-0.338,6,-4,-10,1.041,0.023,0.035
"Seattle, WA metro area",3/1/2021,$699K,0.074,0.185,4520,0.421,0.186,5565,0.453,0.07,2247,-0.012,-0.498,6,0,-1,1.064,0.022,0.046
"Seattle, WA metro area",4/1/2021,$715K,0.023,0.192,5043,0.116,0.647,6295,0.131,0.675,3002,0.336,-0.386,5,-1,-1,1.075,0.011,0.06
"Seattle, WA metro area",5/1/2021,$738K,0.031,0.272,5267,0.044,0.712,5888,-0.065,0.228,2767,-0.078,-0.444,5,0,-5,1.076,0.001,0.072
"Seattle, WA metro area",6/1/2021,$740K,0.003,0.213,6140,0.166,0.378,6562,0.114,0.233,3158,0.141,-0.35,6,1,-3,1.071,-0.005,0.063
"Seattle, WA metro area",7/1/2021,$745K,0.007,0.205,5754,-0.063,0.131,6101,-0.07,-0.003,3836,0.215,-0.265,6,0,-2,1.058,-0.012,0.046
"Seattle, WA metro area",8/1/2021,$725K,-0.027,0.155,5492,-0.046,0.087,5368,-0.12,-0.111,3389,-0.117,-0.354,6,0,-1,1.045,-0.013,0.031
"Seattle, WA metro area",9/1/2021,$710K,-0.021,0.118,5384,-0.02,-0.001,5441,0.014,-0.051,3447,0.017,-0.313,7,1,0,1.037,-0.008,0.021
"Seattle, WA metro area",10/1/2021,$725K,0.021,0.148,4992,-0.073,-0.118,4236,-0.221,-0.191,2668,-0.226,-0.441,7,0,0,1.037,0,0.021
"Seattle, WA metro area",11/1/2021,$715K,-0.014,0.139,4579,-0.083,0.012,2920,-0.311,-0.035,1635,-0.387,-0.53,6,-1,-1,1.041,0.003,0.024
"Seattle, WA metro area",12/1/2021,$728K,0.019,0.175,3874,-0.154,-0.137,2021,-0.308,-0.202,1097,-0.329,-0.559,7,1,-2,1.043,0.002,0.027
"Seattle, WA metro area",1/1/2022,$710K,-0.025,0.144,2302,-0.406,-0.214,2848,0.409,-0.171,1156,0.054,-0.505,6,-1,-4,1.05,0.007,0.032
"Seattle, WA metro area",2/1/2022,$750K,0.056,0.152,2719,0.181,-0.145,3972,0.395,0.037,1477,0.278,-0.35,5,-1,-1,1.087,0.037,0.045
"Seattle, WA metro area",3/1/2022,$820K,0.093,0.173,4456,0.639,-0.014,5738,0.445,0.031,2183,0.478,-0.028,5,0,-1,1.106,0.02,0.043
"Seattle, WA metro area",4/1/2022,$850K,0.037,0.188,4579,0.028,-0.092,5734,-0.001,-0.089,3184,0.459,0.061,5,0,0,1.098,-0.008,0.024
"Seattle, WA metro area",5/1/2022,$850K,0,0.152,4858,0.061,-0.078,6074,0.059,0.032,4117,0.293,0.488,5,0,0,1.07,-0.028,-0.006
"Seattle, WA metro area",6/1/2022,$815K,-0.041,0.101,4633,-0.046,-0.245,6305,0.038,-0.039,6109,0.484,0.934,6,1,0,1.029,-0.041,-0.041
"Seattle, WA metro area",7/1/2022,$790K,-0.031,0.06,3598,-0.223,-0.375,5025,-0.203,-0.176,6779,0.11,0.767,9,3,3,1.003,-0.027,-0.056
"Seattle, WA metro area",8/1/2022,$775K,-0.019,0.069,3821,0.062,-0.304,4038,-0.196,-0.248,6217,-0.083,0.834,15,6,9,0.989,-0.013,-0.056
"Seattle, WA metro area",9/1/2022,$760K,-0.019,0.07,3643,-0.047,-0.323,4046,0.002,-0.256,6443,0.036,0.869,21,6,14,0.988,-0.002,-0.05
"Seattle, WA metro area",10/1/2022,$763K,0.004,0.052,3011,-0.173,-0.397,2868,-0.291,-0.323,5841,-0.093,1.189,21,0,14,0.985,-0.002,-0.052
"Seattle, WA metro area",11/1/2022,$731K,-0.042,0.022,2526,-0.161,-0.448,1903,-0.336,-0.348,4743,-0.188,1.901,25,4,19,0.98,-0.005,-0.06
"Seattle, WA metro area",12/1/2022,$705K,-0.036,-0.032,2180,-0.137,-0.437,1064,-0.441,-0.474,3515,-0.259,2.204,32,7,25,0.978,-0.002,-0.064
"Seattle, WA metro area",1/1/2023,$719K,0.019,0.012,1537,-0.295,-0.332,2061,0.937,-0.276,2990,-0.149,1.587,43,11,37,0.98,0.001,-0.07
"Seattle, WA metro area",2/1/2023,$710K,-0.012,-0.053,2194,0.427,-0.193,2320,0.126,-0.416,2629,-0.121,0.78,32,-11,27,0.992,0.013,-0.094
"Seattle, WA metro area",3/1/2023,$742K,0.044,-0.096,2864,0.305,-0.357,3605,0.554,-0.372,3119,0.186,0.429,13,-19,8,1.001,0.008,-0.106
"Seattle, WA metro area",4/1/2023,$770K,0.038,-0.094,2683,-0.063,-0.414,3235,-0.103,-0.436,3093,-0.008,-0.029,7,-6,2,1.009,0.009,-0.089
"Washington, DC metro area",2/1/2019,$387K,0.005,0.037,4153,0.018,-0.05,6003,0.218,-0.109,11473,0.044,0.042,48,-12,5,0.991,0.003,0.001
"Washington, DC metro area",3/1/2019,$405K,0.047,0.036,5794,0.395,-0.024,8822,0.47,-0.075,12720,0.109,0.049,33,-15,12,0.995,0.004,0.002
"Washington, DC metro area",4/1/2019,$420K,0.037,0.037,6758,0.166,0.01,9710,0.101,-0.06,13997,0.1,0.027,24,-9,11,0.998,0.003,0.002
"Washington, DC metro area",5/1/2019,$423K,0.006,0.03,8007,0.185,0.025,9852,0.015,-0.04,15181,0.085,0.028,23,-1,9,0.998,0,0.002
"Washington, DC metro area",6/1/2019,$427K,0.011,0.022,7682,-0.041,-0.071,7971,-0.191,-0.094,15240,0.004,0.019,26,3,11,0.997,-0.001,0
"Washington, DC metro area",7/1/2019,$420K,-0.016,0.05,7480,-0.026,0.001,7222,-0.094,-0.052,14399,-0.055,-0.014,28,2,9,0.996,-0.001,0.003
"Washington, DC metro area",8/1/2019,$415K,-0.012,0.04,6907,-0.077,-0.022,6817,-0.056,-0.059,14017,-0.027,-0.054,33,5,9,0.995,-0.002,0.003
"Washington, DC metro area",9/1/2019,$400K,-0.036,0.046,5853,-0.153,0.116,7054,0.035,0.013,14429,0.029,-0.124,35,2,7,0.992,-0.002,0.001
"Washington, DC metro area",10/1/2019,$410K,0.025,0.052,6097,0.042,0.038,6393,-0.094,-0.019,13853,-0.04,-0.146,34,-1,-9,0.994,0.001,0.002
"Washington, DC metro area",11/1/2019,$415K,0.012,0.064,5133,-0.158,-0.067,4445,-0.305,-0.039,12144,-0.123,-0.127,37,3,-11,0.994,0,0.005
"Washington, DC metro area",12/1/2019,$418K,0.007,0.048,5605,0.092,0.083,3017,-0.321,-0.003,9685,-0.202,-0.145,42,5,-8,0.992,-0.002,0.003
"Washington, DC metro area",1/1/2020,$399K,-0.045,0.036,4105,-0.268,0.006,5349,0.773,0.085,9757,0.007,-0.112,52,10,-8,0.989,-0.003,0.001
"Washington, DC metro area",2/1/2020,$417K,0.046,0.078,4526,0.103,0.09,6567,0.228,0.094,10203,0.046,-0.111,38,-14,-10,0.995,0.006,0.004
"Washington, DC metro area",3/1/2020,$438K,0.05,0.081,6141,0.357,0.06,8497,0.294,-0.037,11452,0.122,-0.1,27,-11,-6,1.001,0.006,0.006
"Washington, DC metro area",4/1/2020,$447K,0.022,0.065,5668,-0.077,-0.161,6205,-0.27,-0.361,11756,0.027,-0.16,23,-4,-1,1.001,0,0.003
"Washington, DC metro area",5/1/2020,$440K,-0.017,0.041,5510,-0.028,-0.312,6774,0.092,-0.312,11615,-0.012,-0.235,30,7,7,0.997,-0.004,-0.001
"Washington, DC metro area",6/1/2020,$440K,0,0.03,7207,0.308,-0.062,7668,0.132,-0.038,10942,-0.058,-0.282,32,2,6,0.999,0.002,0.001
"Washington, DC metro area",7/1/2020,$470K,0.068,0.119,8100,0.124,0.083,8738,0.14,0.21,11060,0.011,-0.232,29,-3,1,1.002,0.003,0.006
"Washington, DC metro area",8/1/2020,$464K,-0.014,0.117,7792,-0.038,0.128,8042,-0.08,0.18,10595,-0.042,-0.244,26,-3,-7,1.005,0.003,0.01
"Washington, DC metro area",9/1/2020,$456K,-0.016,0.14,7669,-0.016,0.31,8478,0.054,0.202,10957,0.034,-0.241,26,0,-9,1.004,-0.001,0.012
"Washington, DC metro area",10/1/2020,$460K,0.009,0.122,7782,0.015,0.276,8752,0.032,0.369,11328,0.034,-0.182,25,-1,-9,1.005,0.001,0.011
"Washington, DC metro area",11/1/2020,$450K,-0.022,0.084,6760,-0.131,0.317,5734,-0.345,0.29,10099,-0.108,-0.168,26,1,-11,1.004,-0.001,0.011
"Washington, DC metro area",12/1/2020,$450K,0,0.077,7169,0.061,0.279,4426,-0.228,0.467,7955,-0.212,-0.179,30,4,-12,1.002,-0.002,0.01
"Washington, DC metro area",1/1/2021,$441K,-0.02,0.105,4824,-0.327,0.175,5670,0.281,0.06,7700,-0.032,-0.211,34,4,-18,1.003,0.001,0.014
"Washington, DC metro area",2/1/2021,$450K,0.021,0.078,5243,0.087,0.158,6066,0.07,-0.076,7511,-0.025,-0.264,28,-6,-10,1.008,0.005,0.013
"Washington, DC metro area",3/1/2021,$479K,0.065,0.094,6963,0.328,0.134,9094,0.499,0.07,7837,0.043,-0.316,19,-9,-8,1.017,0.009,0.016
"Washington, DC metro area",4/1/2021,$505K,0.054,0.129,8224,0.181,0.451,10519,0.157,0.695,9344,0.192,-0.205,13,-6,-10,1.023,0.006,0.022
"Washington, DC metro area",5/1/2021,$514K,0.018,0.168,8496,0.033,0.542,9972,-0.052,0.472,9754,0.044,-0.16,10,-3,-20,1.028,0.005,0.031
"Washington, DC metro area",6/1/2021,$520K,0.012,0.182,9573,0.127,0.328,10295,0.032,0.343,10795,0.107,-0.013,12,2,-20,1.025,-0.003,0.026
"Washington, DC metro area",7/1/2021,$508K,-0.024,0.08,8524,-0.11,0.052,9896,-0.039,0.133,12328,0.142,0.115,17,5,-12,1.017,-0.008,0.015
"Washington, DC metro area",8/1/2021,$490K,-0.034,0.057,8104,-0.049,0.04,8012,-0.19,-0.004,11936,-0.032,0.127,24,7,-2,1.009,-0.007,0.005
"Washington, DC metro area",9/1/2021,$480K,-0.02,0.053,7170,-0.115,-0.065,8571,0.07,0.011,12609,0.056,0.151,29,5,3,1.005,-0.004,0.001
"Washington, DC metro area",10/1/2021,$495K,0.031,0.076,7100,-0.01,-0.088,7201,-0.16,-0.177,11736,-0.069,0.036,30,1,5,1.003,-0.002,-0.001
"Washington, DC metro area",11/1/2021,$495K,0,0.1,7119,0.003,0.053,5151,-0.285,-0.102,9511,-0.19,-0.058,33,3,7,1.003,-0.001,-0.001
"Washington, DC metro area",12/1/2021,$488K,-0.015,0.084,6832,-0.04,-0.047,3760,-0.27,-0.15,7010,-0.263,-0.119,35,2,5,1.003,0,0
"Washington, DC metro area",1/1/2022,$474K,-0.029,0.074,4393,-0.357,-0.089,4504,0.198,-0.206,6265,-0.106,-0.186,38,3,4,1.002,0,-0.001
"Washington, DC metro area",2/1/2022,$496K,0.048,0.102,4812,0.095,-0.082,6112,0.357,0.008,6401,0.022,-0.148,28,-10,0,1.015,0.013,0.007
"Washington, DC metro area",3/1/2022,$525K,0.058,0.096,6654,0.383,-0.044,8567,0.402,-0.058,7418,0.159,-0.053,15,-13,-4,1.026,0.011,0.009
"Washington, DC metro area",4/1/2022,$550K,0.048,0.089,6941,0.043,-0.156,9184,0.072,-0.127,8853,0.193,-0.053,11,-4,-2,1.031,0.005,0.008
"Washington, DC metro area",5/1/2022,$555K,0.009,0.08,7589,0.093,-0.107,8705,-0.052,-0.127,9861,0.114,0.011,12,1,2,1.028,-0.003,0
"Washington, DC metro area",6/1/2022,$550K,-0.009,0.058,7300,-0.038,-0.237,8573,-0.015,-0.167,11278,0.144,0.045,18,6,6,1.016,-0.012,-0.009
"Washington, DC metro area",7/1/2022,$530K,-0.036,0.044,6027,-0.174,-0.293,7066,-0.176,-0.286,11952,0.06,-0.03,26,8,9,1.005,-0.011,-0.012
"Washington, DC metro area",8/1/2022,$520K,-0.019,0.061,5911,-0.019,-0.271,5666,-0.198,-0.293,11184,-0.064,-0.063,32,6,8,0.997,-0.008,-0.013
"Washington, DC metro area",9/1/2022,$500K,-0.038,0.042,5229,-0.115,-0.271,6463,0.141,-0.246,11822,0.057,-0.062,36,4,7,0.995,-0.001,-0.01
"Washington, DC metro area",10/1/2022,$518K,0.036,0.046,4642,-0.112,-0.346,4997,-0.227,-0.306,11564,-0.022,-0.015,36,0,6,0.995,0,-0.008
"Washington, DC metro area",11/1/2022,$500K,-0.035,0.01,4052,-0.127,-0.431,3610,-0.278,-0.299,10258,-0.113,0.079,42,6,9,0.992,-0.004,-0.011
"Washington, DC metro area",12/1/2022,$490K,-0.02,0.005,3885,-0.041,-0.431,2318,-0.358,-0.384,8146,-0.206,0.162,46,4,11,0.989,-0.003,-0.014
"Washington, DC metro area",1/1/2023,$475K,-0.031,0.003,2880,-0.259,-0.344,3654,0.576,-0.189,7687,-0.056,0.227,59,13,21,0.987,-0.002,-0.015
"Washington, DC metro area",2/1/2023,$505K,0.063,0.018,3548,0.232,-0.263,4003,0.096,-0.345,7210,-0.062,0.126,46,-13,18,0.996,0.009,-0.019
"Washington, DC metro area",3/1/2023,$520K,0.03,-0.01,4621,0.302,-0.306,6313,0.577,-0.263,7957,0.104,0.073,32,-14,17,1.002,0.006,-0.024
"Washington, DC metro area",4/1/2023,$545K,0.048,-0.009,4567,-0.012,-0.342,5846,-0.074,-0.363,8070,0.014,-0.088,27,-5,16,1.009,0.007,-0.023
